,project_id,bytes,created_at,url,repo
0,11161411,3516411,2/22/2016,https://api.github.com/repos/jjgomera/pychemqt,jjgomera/pychemqt
1,26427893,130192,2/4/2016,https://api.github.com/repos/achael/eht-imaging,achael/eht-imaging
2,27472783,178640,2/17/2016,https://api.github.com/repos/genestack/python-client,genestack/python-client
3,27489574,442024,2/11/2016,https://api.github.com/repos/cloudant/python-cloudant,cloudant/python-cloudant
4,27496810,4778,3/1/2016,https://api.github.com/repos/nokia/RED,nokia/RED
5,27940657,17592,3/5/2016,https://api.github.com/repos/tjacek/cluster_images,tjacek/cluster_images
6,28261590,393008,2/27/2016,https://api.github.com/repos/maxplanck-ie/HiCExplorer,maxplanck-ie/HiCExplorer
7,28420571,1129189,3/1/2016,https://api.github.com/repos/odlgroup/odl,odlgroup/odl
8,28687875,216334,3/2/2016,https://api.github.com/repos/qbicsoftware/etl-scripts,qbicsoftware/etl-scripts
9,28884786,1376740,2/11/2016,https://api.github.com/repos/cltk/cltk,cltk/cltk
10,29026813,139785,3/5/2016,https://api.github.com/repos/vadyur/script.media.aggregator,vadyur/script.media.aggregator
11,29126205,59374,3/3/2016,https://api.github.com/repos/seclark/BetterForegrounds,seclark/BetterForegrounds
12,29379373,258975,2/23/2016,https://api.github.com/repos/Jumpscale/ays_jumpscale8,Jumpscale/ays_jumpscale8
13,29817913,104516,2/25/2016,https://api.github.com/repos/laslabs/odoo-connector-carepoint,laslabs/odoo-connector-carepoint
14,30169075,24124,3/2/2016,https://api.github.com/repos/python-escpos/python-escpos,python-escpos/python-escpos
15,31015510,812666,3/1/2016,https://api.github.com/repos/openprocurement/openprocurement.tender.openeu,openprocurement/openprocurement.tender.openeu
16,31030536,15435,3/5/2016,https://api.github.com/repos/thombashi/tcconfig,thombashi/tcconfig
17,31069027,232900,2/11/2016,https://api.github.com/repos/Comunitea/external_modules,Comunitea/external_modules
18,31125446,72945,2/21/2016,https://api.github.com/repos/jdrubin91/GROAnalysis,jdrubin91/GROAnalysis
19,31400029,4729,3/1/2016,https://api.github.com/repos/openearth/delft3d-gt-server,openearth/delft3d-gt-server
20,31657027,152775,2/16/2016,https://api.github.com/repos/firedrakeproject/tsfc,firedrakeproject/tsfc
21,32552050,12051,2/22/2016,https://api.github.com/repos/rivasd/djPsych,rivasd/djPsych
22,34561609,15949,4/7/2016,https://api.github.com/repos/theilmbh/NeuralTDA,theilmbh/NeuralTDA
23,34600889,19669,4/8/2016,https://api.github.com/repos/belatrix/BackendAllStars,belatrix/BackendAllStars
24,35149818,3706,4/16/2016,https://api.github.com/repos/HotsauceLee/Leetcode,HotsauceLee/Leetcode
25,36761320,6372,5/12/2016,https://api.github.com/repos/norcams/himlarcli,norcams/himlarcli
26,40955019,106282,7/12/2016,https://api.github.com/repos/sjara/jaratest,sjara/jaratest
27,41010830,23287,7/18/2016,https://api.github.com/repos/hootnot/oanda-api-v20,hootnot/oanda-api-v20
28,41339733,115998,7/17/2016,https://api.github.com/repos/ningchunlei/okcoin,ningchunlei/okcoin
29,47754491,19731,10/8/2016,https://api.github.com/repos/gevasiliou/PythonTests,gevasiliou/PythonTests
30,47838894,57645,10/8/2016,https://api.github.com/repos/kyuupichan/electrumx,kyuupichan/electrumx
31,51732151,18242,11/29/2016,https://api.github.com/repos/Jumba/mockchain-market,Jumba/mockchain-market
32,52512066,22420,12/10/2016,https://api.github.com/repos/TopSteely/GenericObjectCounting,TopSteely/GenericObjectCounting
33,56604179,740876,2/9/2017,https://api.github.com/repos/merchise/xoutil,merchise/xoutil
